{
  "model": "microsoft/Florence-2-base",
  "receipts": {
    "dataset": "Receipts",
    "num_images": 5,
    "avg_rouge1": 0.1890129925114445,
    "avg_rouge2": 0.09890184421510959,
    "avg_rougeL": 0.18265301262205283,
    "avg_inference_time": 0.9030503749847412
  },
  "forms": {
    "dataset": "Forms",
    "num_images": 5,
    "avg_rouge1": 0.46976295827021736,
    "avg_rouge2": 0.36964993756773223,
    "avg_rougeL": 0.46976295827021736,
    "avg_inference_time": 2.2090962409973143
  },
  "charts": {
    "rouge_comparison": "./florence2_results/dataset_comparison.png",
    "time_comparison": "./florence2_results/inference_time_comparison.png"
  }
}