{
  "model": "microsoft/Florence-2-base",
  "dataset": "Receipts",
  "results": [
    {
      "filename": "image2",
      "image_path": "/kaggle/input/handwritten-data-form-receipts/receipts/receipts/image2.jpg",
      "txt_path": "/kaggle/input/handwritten-data-form-receipts/receipts/receipts/image2.txt",
      "ocr_result": "6 January1939M.2s & MartinNo.8Dr. to A Mumphy.2 weeks rent of cottage dhsfrom of 6 to 23 Jan 39@ 357310100Famitary fee10cleaning feeF3-16-0fos deposit paid100I week from 23'6 30's jan 3911 15'0cleaning for will be fufinedif cottage is left clean,FaisbyceachGEO 11/39",
      "ground_truth": "9th January 1939\n\nMrs E. Martin\nNo. 8\nDr. to A. Murphy,\n\n2 weeks rent of cottage No. 8\nfrom 7th to 21st Jan 39 @ 35/-    3  10  0\nSanitary fee                        1  0\nCleaning fee                        5  0\n                                \u00a33  16  0\nfees deposit paid                   10  0\n                                \u00a33   6  0\n1 week from 23rd to 30th Jan 39  \u00a31  15  0\n                                \u00a35   1  0\n\nCleaning fee will be refunded\nif cottage is left clean.\n\nPaid\nby cash\nDr.\nGeo Murphy\n9/1/39",
      "rouge_scores": {
        "rouge1": 0.3247863247863248,
        "rouge2": 0.1565217391304348,
        "rougeL": 0.30769230769230765,
        "debug": {
          "reference_sample": "9th january 1939 mrs e martin no 8 dr to a murphy 2 weeks rent of cottage no 8 from 7th to 21st jan ...",
          "prediction_sample": "6 january1939m2s  martinno8dr to a mumphy2 weeks rent of cottage dhsfrom of 6 to 23 jan 39 357310100...",
          "reference_length": 315,
          "prediction_length": 253
        }
      },
      "inference_time": 1.7334020137786865
    },
    {
      "filename": "image1",
      "image_path": "/kaggle/input/handwritten-data-form-receipts/receipts/receipts/image1.jpg",
      "txt_path": "/kaggle/input/handwritten-data-form-receipts/receipts/receipts/image1.txt",
      "ocr_result": "Date19A PHOTOGRAPHERS PLACEM133 MERCER STREETNo.NEW YORK N.Y. 10012Reg. No.ClerkACCOUNTFORWARDED123FLORA4(3) PRINTS10657898TOTAL102 8311RETURNS POLICY: In-print bookswithin-two-weeks-for-store credit13ONLY. Out-of-printbooks arebought back at 30% of their sate14price. Comas & misc. items aresold as 30% are not returns.15EXCEPTIONS.KW-2 Your account stated to date. If error is found, return at once.930",
      "ground_truth": "Date 19\nA PHOTOGRAPHER'S PLACE\n133 MERCER STREET\nNEW YORK, N.Y. 10012\nM No. Clerk Reg. No. \n\n1.8/5/98\n2\n3 FLORA 85\n4 (3) PRINTS 10\n5\n6\n7 TAX 7 85\n8\n9\n10 TOTAL 102.85\n11\n12 RETURNS POLICY: In original state\n13 within two weeks for store credit\n14 ONLY. Out-of-print books are\n15 bought back at 50% of their sale\n16 price. Cameras & misc. items are\n17 sold as is - NOT RETURNABLE.\n18 NO EXCEPTIONS.\n\nYour account stated to date. If error is found, return at once. 930",
      "rouge_scores": {
        "rouge1": 0.3676470588235294,
        "rouge2": 0.20895522388059704,
        "rougeL": 0.3529411764705882,
        "debug": {
          "reference_sample": "date 19 a photographers place 133 mercer street new york ny 10012 m no clerk reg no 18598 2 3 flora ...",
          "prediction_sample": "date19a photographers placem133 mercer streetnonew york ny 10012reg noclerkaccountforwarded123flora4...",
          "reference_length": 435,
          "prediction_length": 377
        }
      },
      "inference_time": 1.4417591094970703
    },
    {
      "filename": "image4",
      "image_path": "/kaggle/input/handwritten-data-form-receipts/receipts/receipts/image4.png",
      "txt_path": "/kaggle/input/handwritten-data-form-receipts/receipts/receipts/image4.txt",
      "ocr_result": "Error: Unable to infer channel dimension format",
      "ground_truth": "MEDICAL BILL RECEIPT\nReceipt Number #14586\nDate 1011212020\nName of Medical Institution: Clinic Yap\nPractitioner Name: Yap Chang Chui\nLicense Number: -\nAddress: 18, Jalan Kenanga 8, Indahpura\nCity/State/ZIP: 81000 Kulai Johor\n\nPatient Information:\nName: Lim Teck Re\nStreet Address: 1500 Jalan Teratai 38/76 Indahpura\nCity/State/ZIP: 81000 Kulai Johor\n\nReceipt Number: #14586\nDate: 10/12/2020\n\n\nOFFICIAL RECEIPT                           KLINIK ABC\n                                 5, Jalan Anggerik, Taman Rekamas,\n                                 75450, Ayer Keroh,\n                                 Melaka.\n                                 07-7235585\n\nReceived with thanks from Lim Teck Heng         Date: 11/12/2020\n\nThe sum of Ringgit Malaysia: One hundred only\n\nBeing payment of Consultation / Medicines / Lab / X-Ray fees etc: Medicines and consultation\n\nRM 100\nCash/Charger No: Cash",
      "rouge_scores": {
        "rouge1": 0.0,
        "rouge2": 0.0,
        "rougeL": 0.0,
        "debug": {
          "reference_sample": "medical bill receipt receipt number 14586 date 1011212020 name of medical institution clinic yap pra...",
          "prediction_sample": "error unable to infer channel dimension format",
          "reference_length": 672,
          "prediction_length": 46
        }
      },
      "inference_time": 0.0249631404876709
    },
    {
      "filename": "image3",
      "image_path": "/kaggle/input/handwritten-data-form-receipts/receipts/receipts/image3.png",
      "txt_path": "/kaggle/input/handwritten-data-form-receipts/receipts/receipts/image3.txt",
      "ocr_result": "Error: Unable to infer channel dimension format",
      "ground_truth": "RECEIPT\n\nPayer: Annie Greens\nPayee: ABC Furniture Co\nAddress: 5 Any Street\nGood Suburb\nForrest Town X2204Y\n\nAddress: 101 Tree Store\nLeafy Vale\nForrest Town X1203Y\nweb address: www.xyzfurniture.com\n\nDate of Payment: 41215\nPhone: 98712345678\nReference AG500\nFax 98712345678\nReceipt Number: 1020\nEmail abcfurn@all.mail.com\nAmount of Payment:$352.25\nweb address www.abcfurn.all.com\nPurpose of Payment: For 2 single pine beds - style 394",
      "rouge_scores": {
        "rouge1": 0.0,
        "rouge2": 0.0,
        "rougeL": 0.0,
        "debug": {
          "reference_sample": "receipt payer annie greens payee abc furniture co address 5 any street good suburb forrest town x220...",
          "prediction_sample": "error unable to infer channel dimension format",
          "reference_length": 408,
          "prediction_length": 46
        }
      },
      "inference_time": 0.016110658645629883
    },
    {
      "filename": "image5",
      "image_path": "/kaggle/input/handwritten-data-form-receipts/receipts/receipts/image5.jpg",
      "txt_path": "/kaggle/input/handwritten-data-form-receipts/receipts/receipts/image5.txt",
      "ocr_result": "WILLIAMS' BOOK STOREEstablished 1908708 SOUTH PACIFIC AVENUESan Pedro, Calif. 90731832-36312/15,81DateEllen LeonardNameAddress:123 W IS-1CitySP90732ZipPhoneSCOP833-3436MAILCHARGEReptlastes(0)75of ChenesiaCookingAuthorHorpeiPublisherFromON ORDERED BOOKS THEREIS A POSSIBILITY OF ASales TaxPRICE INCREASE.Total1393MUTDepositBalance DueMOORE BUSINESS FORMS, INC. M",
      "ground_truth": "WILLIAMS' BOOK STORE\nEstablished 1908\n708 SOUTH PACIFIC AVENUE\nSan Pedro, Calif. 90731\n832-3631\n\nDate 2/21/1981\n\nName Ellen Leonard\nAddress 1351 W 15th St\nCity SP                  Zip           Phone\n     90732              832-3436\n\nSCOP       MAIL       CHARGE\nGreat Tastes          12 95\nof Chinese\nCooking\n\nAuthor\nPublisher Harper\nOrdered          From\nON ORDERED BOOKS THERE    Sales Tax       78\nIS A POSSIBILITY OF A\nPRICE INCREASE.           Total        13 73\n                         \nNWT                      Deposit\nNWT                      \n                         Balance Due",
      "rouge_scores": {
        "rouge1": 0.2526315789473684,
        "rouge2": 0.1290322580645161,
        "rougeL": 0.2526315789473684,
        "debug": {
          "reference_sample": "williams book store established 1908 708 south pacific avenue san pedro calif 90731 8323631 date 221...",
          "prediction_sample": "williams book storeestablished 1908708 south pacific avenuesan pedro calif 90731832363121581dateelle...",
          "reference_length": 383,
          "prediction_length": 347
        }
      },
      "inference_time": 1.2990169525146484
    }
  ]
}