{
  "model": "microsoft/Florence-2-base",
  "dataset": "Forms",
  "results": [
    {
      "filename": "image6",
      "image_path": "/kaggle/input/handwritten-data-form-receipts/forms/forms/image6.jpg",
      "txt_path": "/kaggle/input/handwritten-data-form-receipts/forms/forms/image6.txt",
      "ocr_result": "Hospital Patient Registration FormPlease fill out the form accurately, All Hygiene is confidential.Full Name:Viett VauthrDate of Birth (D/D/MM/YYYY):28-05-1992Gender (M/F/O):MaleBlood Group:OfNationality:IndianAddress:Madlyam Mag, MenarverCity/Province:TajwanPostal Code:Kyatthan36/2018Phone Number:98/82346 514Email Address:Violet vaturn@gmail.comEmergency Contact Name:98 2 2316/5/14Rogah VauthanRelationship:FatherEmergency Contact Phone:98283465 14Medical History (Answer Yes or No):ConditionDiabetesYes/NoHypertensionNoHeart DiseaseNoAsthmaNoAllergiesOther (specify)No.Insurance Provider:Policy Number:Valid Till (DD/MMYYY):964149 62 82415DeclarationI hereby declare that the information provided above is true and accurate to the best of my knowledge: I understand that providingfalse information may result in denial of medical services or legal consequences.Signature:FayotDate:06-65-2023",
      "ground_truth": "Hospital Patient Registration Form\nPlease fill out this form accurately. All information is confidential.\n\nFull Name: Virat Vaibhav\nDate of Birth (DD/MM/YYYY): 28-05-1992\nGender (M/F/O): Male\nBlood Group: O+\nNationality: Indian\nAddress: Madhyam Marg, Mansarovar\nCity: Jaipur\nState/Province: Rajasthan\nPostal Code: 302018\nPhone Number: 9828346514\nEmail Address: viratvaibhav@gmail.com\nEmergency Contact Name: Rajesh Vaibhav\nRelationship: Father\nEmergency Contact Phone: 9828346514\n\nMedical History (Answer Yes or No):\nCondition    Yes/No\nDiabetes     No\nHypertension No\nHeart Disease No\nAsthma       No\nAllergies    No\nOther (specify) No\n\nInsurance Provider: \nPolicy Number: 964196282415\nValid Till (DD/MM/YYYY): \n\nDeclaration\nI hereby declare that the information provided above is true and accurate to the best of my knowledge. I understand that providing false information may result in denial of medical services or legal consequences.\n\nSignature: Rajesh    Date: 06-05-2024",
      "rouge_scores": {
        "rouge1": 0.4615384615384615,
        "rouge2": 0.35922330097087374,
        "rougeL": 0.4615384615384615,
        "debug": {
          "reference_sample": "hospital patient registration form please fill out this form accurately all information is confident...",
          "prediction_sample": "hospital patient registration formplease fill out the form accurately all hygiene is confidentialful...",
          "reference_length": 901,
          "prediction_length": 843
        }
      },
      "inference_time": 2.289444923400879
    },
    {
      "filename": "image9",
      "image_path": "/kaggle/input/handwritten-data-form-receipts/forms/forms/image9.jpg",
      "txt_path": "/kaggle/input/handwritten-data-form-receipts/forms/forms/image9.txt",
      "ocr_result": "Hospital Patient Registration FormPlease fill out this form enquiry. All information is confidential.Full Name:Avant RajputDate of Birth (DD/MM/YYYY):28/05/2000Gender (M/F/O):MBlood Group:OtNationality:IndianAddress:21, Shree Nagar, DurgaapureCity:JaipusState/Province:RajasthanPostal Code:30/2018Phone Number:92/1345-678.1Email Address:anawagfut@gmail.comEmergency Contact Name:Soumysa RajputRelationship:Father9/2/345678/Medical History (Answer Yes or No):ConditionYes/NoDiabetesHypertensionNoNoHypertiseaseNoAsthmaNoAllergiesOther (specify)NoInsurance Provider:Policy Number:2414883/ateValid Till (DD)MM/YYYYY:XY2 CompanyDeclarationI hereby declare that the information provided above is true and accurate to the best of my knowledge. I understand that providingfalse information may result in denial of medical services or legal consequences.Signature:Date:1905/2025",
      "ground_truth": "Hospital Patient Registration Form\nPlease fill out this form accurately. All information is confidential.\n\nFull Name: Anant Rajput\nDate of Birth (DD/MM/YYYY): 28/05/2000\nGender (M/F/O): M\nBlood Group: O+\nNationality: Indian\nAddress: 24, Shree Nagar, Durgapura\nCity: Jaipur\nState/Province: Rajasthan\nPostal Code: 302018\nPhone Number: 9213456781\nEmail Address: anantrajput@gmail.com\nEmergency Contact Name: Sowmya Rajput\nRelationship: Father\nEmergency Contact Phone: 9213456781\n\nMedical History (Answer Yes or No):\nCondition    Yes/No\nDiabetes     No\nHypertension No\nHeart Disease No\nAsthma       No\nAllergies    No\nOther (specify) No\n\nInsurance Provider:\nPolicy Number: 241468231abc\nValid Till (DD/MM/YYYY): XYZ company\n\nDeclaration\nI hereby declare that the information provided above is true and accurate to the best of my knowledge. I understand that providing false information may result in denial of medical services or legal consequences.\n\nSignature: Anant    Date: 19/05/2025",
      "rouge_scores": {
        "rouge1": 0.4926108374384237,
        "rouge2": 0.39800995024875624,
        "rougeL": 0.4926108374384237,
        "debug": {
          "reference_sample": "hospital patient registration form please fill out this form accurately all information is confident...",
          "prediction_sample": "hospital patient registration formplease fill out this form enquiry all information is confidentialf...",
          "reference_length": 907,
          "prediction_length": 815
        }
      },
      "inference_time": 2.3039205074310303
    },
    {
      "filename": "image8",
      "image_path": "/kaggle/input/handwritten-data-form-receipts/forms/forms/image8.jpg",
      "txt_path": "/kaggle/input/handwritten-data-form-receipts/forms/forms/image8.txt",
      "ocr_result": "Hospital Patient Registration FormPlease fill out the form courtesy, All information is confidential.Full Name:Prachi SinghDate of Birth (DD/MM/YYYY):28/10 1982Gender (M/F/O):Blood Group:BtNationally:IndianAddress:Touk Phatak, TaipurCity:TaipeiState/Province:RajasthanPostal Code:30/2018Phone Number:9828345610Email Address:Pachie@gmailsonEmergency Contact Name:Sanyay SinghRelationship:HustandEmergency Contact Phone:9234567018Medical History Answer Yes or No):ConditionDiabetesYes/NoNoHeart DiseaseNoAsthmaNoNoAllergiesOther (specify)NoInsurance Provider:Policy Number:Valid Till (DD)MM/YYYYY:DeclarationI hereby declare that the information provided above is true and accurate to the best of my knowledge: I understand that providingfise information may result in denial of medical services or legal consequences.Signature:PashishDate:5/04/2025",
      "ground_truth": "Hospital Patient Registration Form\nPlease fill out this form accurately. All information is confidential.\n\nFull Name: Prachi Singh\nDate of Birth (DD/MM/YYYY): 28/10/1982\nGender (M/F/O): F\nBlood Group: B+\nNationality: Indian\nAddress: Tonk Phatak, Jaipur\nCity: Jaipur\nState/Province: Rajasthan\nPostal Code: 302018\nPhone Number: 9828345610\nEmail Address: prachi2@gmail.com\nEmergency Contact Name: Sanjay Singh\nRelationship: Husband\nEmergency Contact Phone: 9234567018\n\nMedical History (Answer Yes or No):\nCondition    Yes/No\nDiabetes     Yes\nHypertension No\nHeart Disease No\nAsthma       No\nAllergies    No\nOther (specify) No\n\nInsurance Provider:\nPolicy Number:\nValid Till (DD/MM/YYYY):\n\nDeclaration\nI hereby declare that the information provided above is true and accurate to the best of my knowledge. I understand that providing false information may result in denial of medical services or legal consequences.\n\nSignature: Prachi Singh    Date: 5/04/2025",
      "rouge_scores": {
        "rouge1": 0.4851485148514851,
        "rouge2": 0.37,
        "rougeL": 0.4851485148514851,
        "debug": {
          "reference_sample": "hospital patient registration form please fill out this form accurately all information is confident...",
          "prediction_sample": "hospital patient registration formplease fill out the form courtesy all information is confidentialf...",
          "reference_length": 879,
          "prediction_length": 801
        }
      },
      "inference_time": 2.1223599910736084
    },
    {
      "filename": "image10",
      "image_path": "/kaggle/input/handwritten-data-form-receipts/forms/forms/image10.jpg",
      "txt_path": "/kaggle/input/handwritten-data-form-receipts/forms/forms/image10.txt",
      "ocr_result": "Hospital Patient Registration FormPlease fill out the form currently, All information is confidential.Full Name:Sherya JainDate of Birth (DD/MM/YYYY):02/05/2012Gender (M/F/O):MBlood Group:+Nationality:IndianAddress:She Khapur, SanguerCity:JajhurState/Province:KojathanPostal Code:10/20 29Phone Number:9828114345Email Address:Shwya Jai @gmail.comEmergency Contact Name:Videos JainRelationship:FatherMedical History (Answer Yes or No):982 811 4 345-ConditionYes/NoDiabetesNoHypertensionHypertiseaseNoAsthmaNoAllergenesOther (Specify)Insurance Provider:Policy Number:Valid TIL (DD)MM/YYYYYYY:9/1149 62432SDeclarationI hereby declare that the information provided above is true and accurate to the best of my knowledge. I understand that providingfalse information may result in denial of medical services or legal consequences.Signature:SharapDate:04-05-2024",
      "ground_truth": "Hospital Patient Registration Form\nPlease fill out this form accurately. All information is confidential.\n\nFull Name: Shanya Jain\nDate of Birth (DD/MM/YYYY): 02/05/2012\nGender (M/F/O): M\nBlood Group: O+\nNationality: Indian\nAddress: Shikharpura, Sanganer\nCity: Jaipur\nState/Province: Rajasthan\nPostal Code: 302029\nPhone Number: 9828114345\nEmail Address: shanyajain@gmail.com\nEmergency Contact Name: Vikas Jain\nRelationship: Father\nEmergency Contact Phone: 9828114345\n\nMedical History (Answer Yes or No):\nCondition    Yes/No\nDiabetes     No\nHypertension No\nHeart Disease No\nAsthma       No\nAllergies    No\nOther (specify) No\n\nInsurance Provider:\nPolicy Number: 9414968432S\nValid Till (DD/MM/YYYY):\n\nDeclaration\nI hereby declare that the information provided above is true and accurate to the best of my knowledge. I understand that providing false information may result in denial of medical services or legal consequences.\n\nSignature: Shanya    Date: 04-05-2024",
      "rouge_scores": {
        "rouge1": 0.45098039215686275,
        "rouge2": 0.36633663366336633,
        "rougeL": 0.45098039215686275,
        "debug": {
          "reference_sample": "hospital patient registration form please fill out this form accurately all information is confident...",
          "prediction_sample": "hospital patient registration formplease fill out the form currently all information is confidential...",
          "reference_length": 886,
          "prediction_length": 804
        }
      },
      "inference_time": 2.2642924785614014
    },
    {
      "filename": "image7",
      "image_path": "/kaggle/input/handwritten-data-form-receipts/forms/forms/image7.jpg",
      "txt_path": "/kaggle/input/handwritten-data-form-receipts/forms/forms/image7.txt",
      "ocr_result": "Hospital Patient Registration FormPlease all of the form foundry. All information is confidential.Full Name:Karthi BarraDate of Birth (DD/MM/MYYY):04-06-2014Gender (M/F/O):MaleBlood Group:BpNationality:IndianAddress:Rajgo ka Mohalle SanganerCity:geijunState/Province:KejithanPostal Code:3/20 29Phone Number:98256432 50Email Address:Kathie.4@gmail.comEmergency Contact Name:Vijay BarraRelationship:Emergency Contact Phone:9.285 364205Medical History (Answer Yes or No):ConditionYes/NoDiabetesNoNoHeart DiseaseNoAshesOther (specify)N.Insurance Provider:Policy Number:Valid till DD/MMYYYY):DeclarationI hereby declare that the information provided above is true and accurate to the best of my knowledge. I understand that providingfalse information may result in denial of medical services or legal consequences.Signature:VigayDate:1803/2013",
      "ground_truth": "Hospital Patient Registration Form\nPlease fill out this form accurately. All information is confidential.\n\nFull Name: Kartik Bairwa\nDate of Birth (DD/MM/YYYY): 04-06-2014\nGender (M/F/O): Male\nBlood Group: B+\nNationality: Indian\nAddress: Raigro ka Mohalla, Sanganer\nCity: Jaipur\nState/Province: Rajasthan\nPostal Code: 302029\nPhone Number: 9825643250\nEmail Address: kartik.4@gmail.com\nEmergency Contact Name: Vijay Bairwa\nRelationship: Father\nEmergency Contact Phone: 9285364205\n\nMedical History (Answer Yes or No):\nCondition    Yes/No\nDiabetes     No\nHypertension No\nHeart Disease No\nAsthma       No\nAllergies    No\nOther (specify) No\n\nInsurance Provider:\nPolicy Number:\nValid Till (DD/MM/YYYY):\n\nDeclaration\nI hereby declare that the information provided above is true and accurate to the best of my knowledge. I understand that providing false information may result in denial of medical services or legal consequences.\n\nSignature: Vijay    Date: 18-05-2024",
      "rouge_scores": {
        "rouge1": 0.4585365853658537,
        "rouge2": 0.354679802955665,
        "rougeL": 0.4585365853658537,
        "debug": {
          "reference_sample": "hospital patient registration form please fill out this form accurately all information is confident...",
          "prediction_sample": "hospital patient registration formplease all of the form foundry all information is confidentialfull...",
          "reference_length": 883,
          "prediction_length": 789
        }
      },
      "inference_time": 2.0654633045196533
    }
  ]
}